Kiwi,Maca,Limao,Tomate,Alface
Laranja,Banana,Kiwi,Cebola,Alho
Banana,Tomate,Alface,Pepino,Alho
Tomate,Alface,Pepino
Laranja,Banana,Limao,Alface,Pepino
Laranja,Banana,Limao,Alface,Pepino
Kiwi,Alface,Cebola
Banana,Maca,Limao,Cebola,Pepino
Limao,Alface,Alho
Laranja,Banana,Maca,Pepino
Kiwi,Maca,Pepino,Alho
Banana,Kiwi,Tomate,Cebola,Pepino
Laranja,Kiwi,Limao,Tomate
Banana,Kiwi,Pepino
Kiwi,Tomate,Alface,Cebola
Laranja,Kiwi,Tomate,Pepino,Alho
Laranja,Banana,Limao,Alface,Cebola
Kiwi,Maca,Cebola,Pepino,Alho
Maca,Pepino,Alho
Limao,Alface,Cebola,Pepino,Alho
Banana,Kiwi,Limao,Alface,Alho
Laranja,Tomate,Pepino,Alho
Limao,Tomate,Alface,Cebola,Pepino
Kiwi,Tomate,Alface,Cebola,Pepino
Banana,Tomate,Pepino
Banana,Maca,Limao,Tomate,Alface
Banana,Kiwi,Limao,Alho
Laranja,Banana,Maca,Alface,Cebola
Laranja,Banana,Limao,Tomate,Alface
Banana,Kiwi,Maca,Limao,Alface
Banana,Cebola,Pepino
Banana,Tomate,Alface,Cebola,Pepino
Banana,Alface,Alho
Kiwi,Maca,Cebola,Pepino
Kiwi,Maca,Cebola,Pepino,Alho
Laranja,Maca,Tomate,Alface
Laranja,Maca,Tomate,Alface,Cebola
Banana,Kiwi,Alface,Pepino,Alho
Banana,Maca,Limao,Tomate
Banana,Maca,Limao,Alface,Cebola
Alface
LaranjaTomate,Alho
Banana,Kiwi,Maca,Tomate,Alho
Laranja,Kiwi,Maca,Limao,Alho
Laranja,Banana,Tomate,Cebola,Alho
Banana,Kiwi,Limao,Alface
Banana,Tomate,Alface
Laranja,Banana,Kiwi,Pepino
Maca,Tomate,Alface,Cebola,Alho
Limao,Pepino
Laranja,Maca,Limao,Tomate,Cebola
Banana,Maca,Tomate,Alface,Cebola
Kiwi,Limao,Tomate,Alface,Alho
Alho
Maca,Alface,Cebola,Pepino,Alho
Laranja,Limao,Cebola,Pepino
Laranja,Banana,Kiwi,Alface,Alho
Laranja,Banana,Kiwi,Alface,Alho
Laranja,Limao,Tomate,Alface,Pepino
Laranja,Kiwi,Alface,Cebola,Alho
Kiwi,Maca,Limao,Cebola,Alho
Laranja,Banana,Maca,Cebola
Laranja,Tomate,Pepino,Alho
Alface
Kiwi,Maca,Cebola,Pepino,Alho
Limao,Alface,Pepino
Banana,Kiwi,Tomate,Alface,Cebola
Kiwi,Maca,Alface
Banana,Pepino
Kiwi,Tomate,Cebola
Laranja,Banana,Kiwi,Maca,Limao
Banana,Limao,Alface,Cebola
Kiwi,Tomate,Alface,Cebola,Alho
Laranja,Banana,Kiwi,Tomate,Alface
Kiwi,Limao,Tomate,Alho
Banana,Kiwi,Limao,Alface,Pepino
Banana,Maca,Limao,Tomate,Alface
Laranja,Banana,Limao,Cebola,Alho
Laranja,Banana,Maca,Limao,Alho
Laranja,Banana,Kiwi,Pepino,Alho
Laranja,Banana,Kiwi,Maca,Pepino
Kiwi,Limao,Tomate
Maca,Cebola,Pepino,Alho
Laranja,Banana,Cebola,Pepino,Alho
Banana,Maca,Limao,Cebola,Alho
Laranja,Banana,Kiwi,Limao,Alho
Limao,Tomate,Cebola,Pepino
Alface
Banana,Alface
Laranja,Kiwi,Limao,Alface,Cebola
Banana,Kiwi,Maca,Tomate,Pepino
Laranja,Banana,Maca,Limao,Tomate
Tomate,Cebola,Pepino,Alho
Maca,Limao,Pepino,Alho
Kiwi,Maca,Limao,Tomate,Alho
Maca,Cebola,Alho
Laranja,Maca,Limao,Alface,Alho
Banana,Limao,Cebola,Pepino
Laranja,Banana,Limao,Cebola
Laranja,Kiwi,Maca,Alface,Pepino
